"timestamp","open","high","low","close","volume","name"
"2018-01-29",108.89,109.3362,108.46,109.14,3158256,"XLY"
"2018-01-26",108.18,109,107.91,109,3916294,"XLY"
"2018-01-25",108.59,108.67,107.47,107.94,5070835,"XLY"
"2018-01-24",108.15,108.76,107.16,108.13,6463963,"XLY"
"2018-01-23",107.34,107.8,107.13,107.67,4154888,"XLY"
"2018-01-22",105.59,106.77,105.5,106.77,7752314,"XLY"
"2018-01-19",105.19,105.61,104.87,105.6,3760384,"XLY"
"2018-01-18",104.74,104.9162,104.42,104.69,3292300,"XLY"
"2018-01-17",104.77,104.99,104.12,104.78,6656143,"XLY"
"2018-01-16",105.56,106.0195,104.01,104.28,9251550,"XLY"
"2018-01-12",103.89,105.07,103.76,105.03,4037795,"XLY"
"2018-01-11",102.28,103.7,102.18,103.69,3622686,"XLY"
"2018-01-10",101.73,102.17,101.491,102.03,2838881,"XLY"
"2018-01-09",102.2,102.34,101.76,102.1,3160909,"XLY"
"2018-01-08",101.83,102.07,101.7,101.9,2670023,"XLY"
"2018-01-05",101.43,101.83,101.1964,101.78,4294382,"XLY"
"2018-01-04",101.04,101.11,100.46,100.98,3457382,"XLY"
"2018-01-03",100.29,100.73,100.27,100.65,5319074,"XLY"
"2018-01-02",99.11,100.19,99.11,100.19,4895550,"XLY"
"2017-12-29",99.3,99.43,98.62,98.69,2630625,"XLY"
"2017-12-28",99.35,99.35,99.06,99.27,4195766,"XLY"
"2017-12-27",99.38,99.39,98.905,99,1866942,"XLY"
"2017-12-26",98.86,99.31,98.86,99.2,1498337,"XLY"
"2017-12-22",98.86,99.04,98.79,98.98,3221867,"XLY"
"2017-12-21",98.79,99.39,98.58,99.17,2359901,"XLY"
"2017-12-20",99.03,99.125,98.49,98.53,2464500,"XLY"
"2017-12-19",98.98,99.08,98.55,98.72,5984713,"XLY"
"2017-12-18",98.54,99.0137,98.47,98.85,6008340,"XLY"
"2017-12-15",97.91,98.23,97.74,97.97,6732140,"XLY"
"2017-12-14",97.79,98.17,97.61,97.88,4247329,"XLY"
"2017-12-13",97.7,97.81,97.435,97.58,3452882,"XLY"
"2017-12-12",97.73,97.81,97.465,97.5,2759040,"XLY"
"2017-12-11",97.33,97.49,97.125,97.46,3346422,"XLY"
"2017-12-08",97.06,97.44,96.8204,97.25,5793388,"XLY"
"2017-12-07",96.47,96.97,96.33,96.79,3951414,"XLY"
"2017-12-06",97.04,97.23,96.48,96.54,5718046,"XLY"
"2017-12-05",97.7,97.93,97.14,97.17,7484235,"XLY"
"2017-12-04",97.59,98.37,97.55,97.73,6772924,"XLY"
"2017-12-01",96.55,96.92,95.25,96.61,11780071,"XLY"
"2017-11-30",96.32,97.05,96.09,96.65,7481718,"XLY"
"2017-11-29",95.83,96.42,95.68,96.16,6346727,"XLY"
"2017-11-28",94.85,95.75,94.73,95.75,5804730,"XLY"
"2017-11-27",94.88,95.09,94.5288,94.7,3924108,"XLY"
"2017-11-24",94.61,94.67,94.48,94.63,1736303,"XLY"
"2017-11-22",94.34,94.58,94.28,94.39,3197307,"XLY"
"2017-11-21",93.96,94.36,93.83,94.3,5015078,"XLY"
"2017-11-20",93.69,93.92,93.51,93.72,2447596,"XLY"
"2017-11-17",93.34,93.695,93.27,93.54,4686446,"XLY"
"2017-11-16",92.51,93.21,92.44,93.13,4093326,"XLY"
"2017-11-15",92.31,92.67,91.83,92.36,3365293,"XLY"
"2017-11-14",92.39,92.78,92.13,92.76,4189459,"XLY"
"2017-11-13",92.08,92.87,91.9,92.68,5714667,"XLY"
"2017-11-10",92.03,92.49,91.95,92.37,2510606,"XLY"
"2017-11-09",91.4,92.19,91.18,92.06,3425693,"XLY"
"2017-11-08",91.68,91.97,91.59,91.92,2725780,"XLY"
"2017-11-07",92.26,92.55,91.69,91.82,2432920,"XLY"
"2017-11-06",91.52,92.41,91.52,92.37,3847861,"XLY"
"2017-11-03",91.28,91.74,91.06,91.7,3694007,"XLY"
"2017-11-02",91.77,91.88,91,91.33,4591765,"XLY"
"2017-11-01",92.29,92.59,91.98,92.02,4417221,"XLY"
"2017-10-31",92.08,92.18,91.91,91.99,3187590,"XLY"
"2017-10-30",92.03,92.19,91.775,91.98,4335414,"XLY"
"2017-10-27",91.61,92.45,91.18,92.4,5945603,"XLY"
"2017-10-26",90.61,91.26,90.53,90.93,3566536,"XLY"
"2017-10-25",90.78,90.92,90.12,90.61,4683616,"XLY"
"2017-10-24",90.84,91.11,90.84,90.96,3701956,"XLY"
"2017-10-23",91.46,91.54,90.67,90.74,2910557,"XLY"
"2017-10-20",91.5,91.59,91.25,91.36,4801413,"XLY"
"2017-10-19",90.76,91.15,90.54,91.14,4501085,"XLY"
"2017-10-18",91.47,91.51,91.12,91.14,4525582,"XLY"
"2017-10-17",91.32,91.54,91.16,91.39,2773244,"XLY"
"2017-10-16",91.26,91.38,91.06,91.34,4327757,"XLY"
"2017-10-13",90.95,91.3,90.84,91.22,2730147,"XLY"
"2017-10-12",91.05,91.07,90.58,90.78,4583954,"XLY"
"2017-10-11",91.39,91.49,91.16,91.39,3842849,"XLY"
"2017-10-10",91.49,91.77,91.12,91.34,2756674,"XLY"
"2017-10-09",91.88,91.89,91.34,91.43,4270062,"XLY"
"2017-10-06",91.46,91.85,91.46,91.72,3133244,"XLY"
"2017-10-05",91.24,91.635,91.12,91.61,7220520,"XLY"
"2017-10-04",90.7,91.1562,90.6024,91.1,4931739,"XLY"
"2017-10-03",90.4,90.645,90.33,90.63,4915550,"XLY"
"2017-10-02",90.19,90.45,90.063,90.25,2929666,"XLY"
"2017-09-29",89.75,90.175,89.71,90.08,3472016,"XLY"
"2017-09-28",89.72,89.82,89.58,89.74,3599766,"XLY"
"2017-09-27",89.59,90.02,89.2,89.85,5229087,"XLY"
"2017-09-26",89.61,89.79,89.165,89.36,3073229,"XLY"
"2017-09-25",89.51,89.71,89.06,89.35,7167628,"XLY"
"2017-09-22",89.16,89.59,89.142,89.54,3116275,"XLY"
"2017-09-21",89.51,89.61,89.24,89.39,4207581,"XLY"
"2017-09-20",89.37,89.61,89.06,89.54,3709887,"XLY"
"2017-09-19",89.33,89.48,88.91,89.24,6400542,"XLY"
"2017-09-18",89.91,89.98,89.1234,89.32,6569557,"XLY"
"2017-09-15",89.71,89.97,89.58,89.63,3911134,"XLY"
"2017-09-14",90.47,90.7,90.17,90.2,3516900,"XLY"
"2017-09-13",89.99,90.69,89.99,90.69,3291562,"XLY"
"2017-09-12",89.86,90.17,89.7432,90.04,2720090,"XLY"
"2017-09-11",89.49,89.73,89.42,89.64,3351563,"XLY"
"2017-09-08",89.3,89.38,89.015,89.17,2589950,"XLY"
"2017-09-07",90.45,90.57,89.27,89.48,5354006,"XLY"
"2017-09-06",89.84,90.365,89.65,90.26,3004657,"XLY"
"2018-01-29",58.81,58.95,58.44,58.6618,7008957,"XLP"
"2018-01-26",58.32,58.73,58.24,58.71,6342713,"XLP"
"2018-01-25",58.5,58.735,58.13,58.43,12144584,"XLP"
"2018-01-24",58.43,58.47,58.12,58.4,16603484,"XLP"
"2018-01-23",58.2,58.44,58.01,58.28,10908949,"XLP"
"2018-01-22",58,58.47,57.97,58.47,7871602,"XLP"
"2018-01-19",57.6,58.0895,57.54,58.03,9962828,"XLP"
"2018-01-18",57.55,57.65,57.285,57.39,12423340,"XLP"
"2018-01-17",57.1,57.77,57.05,57.56,12549652,"XLP"
"2018-01-16",56.76,57.11,56.725,56.91,13806680,"XLP"
"2018-01-12",56.72,56.92,56.5262,56.65,7308858,"XLP"
"2018-01-11",56.82,56.82,56.525,56.63,11500832,"XLP"
"2018-01-10",56.85,56.86,56.325,56.71,9663462,"XLP"
"2018-01-09",57.14,57.269,56.98,56.99,8357553,"XLP"
"2018-01-08",56.85,57.12,56.82,57.07,12890996,"XLP"
"2018-01-05",56.77,56.9667,56.635,56.93,15555076,"XLP"
"2018-01-04",56.67,56.9453,56.53,56.68,15455067,"XLP"
"2018-01-03",56.63,56.72,56.47,56.52,17950422,"XLP"
"2018-01-02",56.95,57.02,56.53,56.54,20146794,"XLP"
"2017-12-29",56.9,57.19,56.88,56.89,5085427,"XLP"
"2017-12-28",57.07,57.14,56.76,56.9,7291202,"XLP"
"2017-12-27",57.08,57.2,56.91,56.99,5992589,"XLP"
"2017-12-26",56.83,57.12,56.79,57,8506305,"XLP"
"2017-12-22",56.82,56.955,56.8,56.87,4218648,"XLP"
"2017-12-21",56.95,57.02,56.72,56.78,5553062,"XLP"
"2017-12-20",57.01,57.02,56.48,56.82,13813849,"XLP"
"2017-12-19",57.16,57.18,56.9099,56.92,7888969,"XLP"
"2017-12-18",57.03,57.31,56.82,56.85,8799565,"XLP"
"2017-12-15",56.65,56.96,56.57,56.88,9090857,"XLP"
"2017-12-14",56.795,56.99,56.65,56.66,9118159,"XLP"
"2017-12-13",56.63,57.035,56.5475,56.91,11588967,"XLP"
"2017-12-12",56.61,56.805,56.4,56.59,6220156,"XLP"
"2017-12-11",56.53,56.605,56.2653,56.58,6737792,"XLP"
"2017-12-08",56.45,56.59,56.2,56.59,8695470,"XLP"
"2017-12-07",56.89,56.915,56.41,56.44,7557540,"XLP"
"2017-12-06",56.62,56.99,56.62,56.99,16712198,"XLP"
"2017-12-05",56.72,56.93,56.48,56.63,22930375,"XLP"
"2017-12-04",56.25,56.77,56.08,56.72,22771284,"XLP"
"2017-12-01",55.93,56.21,55.33,56.19,29328699,"XLP"
"2017-11-30",55.75,56.2,55.605,56.05,14098318,"XLP"
"2017-11-29",55.21,55.75,55.16,55.54,14739877,"XLP"
"2017-11-28",54.89,55.25,54.77,55.25,6985918,"XLP"
"2017-11-27",54.74,54.895,54.72,54.8,8108867,"XLP"
"2017-11-24",54.9,54.96,54.76,54.77,2331041,"XLP"
"2017-11-22",54.87,54.93,54.64,54.81,10470390,"XLP"
"2017-11-21",54.8,55.11,54.735,54.88,10383910,"XLP"
"2017-11-20",54.67,54.88,54.65,54.7,6946926,"XLP"
"2017-11-17",54.8,54.95,54.65,54.76,7298891,"XLP"
"2017-11-16",54.69,55.1135,54.62,54.95,11134194,"XLP"
"2017-11-15",54.61,54.66,54.16,54.2,10724836,"XLP"
"2017-11-14",54.45,54.82,54.37,54.78,8903465,"XLP"
"2017-11-13",54.31,54.81,54.28,54.59,7809254,"XLP"
"2017-11-10",53.65,54.33,53.62,54.28,7993623,"XLP"
"2017-11-09",53.5,53.91,53.46,53.73,10364868,"XLP"
"2017-11-08",53.32,53.74,53.25,53.74,12860392,"XLP"
"2017-11-07",52.6,53.16,52.43,53.16,9536301,"XLP"
"2017-11-06",53.03,53.04,52.56,52.57,10731143,"XLP"
"2017-11-03",53.16,53.305,53.08,53.14,5922420,"XLP"
"2017-11-02",53.2,53.29,52.93,53.13,10661369,"XLP"
"2017-11-01",53.24,53.4,53.09,53.26,7556265,"XLP"
"2017-10-31",52.91,53.21,52.82,53.09,10824939,"XLP"
"2017-10-30",52.98,53.03,52.61,52.65,9299808,"XLP"
"2017-10-27",53.42,53.49,52.99,53.1,10230353,"XLP"
"2017-10-26",53.71,53.94,53.545,53.56,14583737,"XLP"
"2017-10-25",53.66,53.75,53.2,53.52,12213445,"XLP"
"2017-10-24",53.82,53.8884,53.6001,53.67,10682309,"XLP"
"2017-10-23",53.86,54.13,53.785,53.86,7326418,"XLP"
"2017-10-20",53.93,53.96,53.73,53.9,11702607,"XLP"
"2017-10-19",54.07,54.115,53.85,54.03,8544450,"XLP"
"2017-10-18",54.33,54.405,54.155,54.32,4668545,"XLP"
"2017-10-17",54.45,54.5,54.22,54.39,10375476,"XLP"
"2017-10-16",54.51,54.62,54.49,54.59,4349599,"XLP"
"2017-10-13",54.68,54.71,54.53,54.57,8315638,"XLP"
"2017-10-12",54.2,54.52,54.15,54.47,8096278,"XLP"
"2017-10-11",54.1,54.39,54.1,54.24,10316307,"XLP"
"2017-10-10",53.88,54.27,53.82,54.13,10646464,"XLP"
"2017-10-09",53.88,53.955,53.56,53.66,12580285,"XLP"
"2017-10-06",54.08,54.17,53.74,53.81,7605511,"XLP"
"2017-10-05",54.29,54.4875,54.21,54.35,19005045,"XLP"
"2017-10-04",53.86,54.32,53.71,54.11,21389237,"XLP"
"2017-10-03",53.97,54.04,53.8001,53.94,20409189,"XLP"
"2017-10-02",53.98,54.2,53.84,53.88,17849974,"XLP"
"2017-09-29",54.02,54.15,53.93,53.98,14502777,"XLP"
"2017-09-28",53.95,54.17,53.9,54.02,7768204,"XLP"
"2017-09-27",54.33,54.38,53.72,54.02,11657799,"XLP"
"2017-09-26",54.37,54.52,54.25,54.44,17321438,"XLP"
"2017-09-25",54.01,54.36,53.97,54.31,9185443,"XLP"
"2017-09-22",54.17,54.17,53.88,53.92,11318160,"XLP"
"2017-09-21",54.53,54.58,54.03,54.08,10398659,"XLP"
"2017-09-20",54.98,55.05,54.33,54.6,11029247,"XLP"
"2017-09-19",55.33,55.355,55,55.13,6207650,"XLP"
"2017-09-18",55.27,55.3899,55.14,55.3,8299356,"XLP"
"2017-09-15",55.26,55.26,54.995,55.22,12497722,"XLP"
"2017-09-14",55.49,55.61,55.285,55.47,5817854,"XLP"
"2017-09-13",55.5,55.78,55.5,55.58,7972349,"XLP"
"2017-09-12",55.43,55.555,55.4,55.55,7453407,"XLP"
"2017-09-11",55.19,55.51,55.18,55.43,9177812,"XLP"
"2017-09-08",55.17,55.265,54.88,55.09,9158225,"XLP"
"2017-09-07",55.32,55.44,55.18,55.36,16738124,"XLP"
"2017-09-06",55.15,55.33,55.005,55.28,17461950,"XLP"
"2018-01-29",77.2,77.47,76.7625,76.77,8737047,"XLE"
"2018-01-26",77.26,77.64,77.1,77.51,7785306,"XLE"
"2018-01-25",78.09,78.09,76.95,77.09,11718449,"XLE"
"2018-01-24",78,78.39,77.43,77.7,12919670,"XLE"
"2018-01-23",78.18,78.26,77.519,77.91,10184938,"XLE"
"2018-01-22",76.48,78.06,76.46,78.03,17016724,"XLE"
"2018-01-19",76.31,76.41,75.88,76.38,12962747,"XLE"
"2018-01-18",76.82,77.01,76.34,76.48,11514622,"XLE"
"2018-01-17",76.66,77.44,76.16,77.11,14007382,"XLE"
"2018-01-16",77.6,77.65,76.3,76.44,16894935,"XLE"
"2018-01-12",76.7,77.62,76.7,77.42,19819205,"XLE"
"2018-01-11",75.4,76.95,75.13,76.68,18089532,"XLE"
"2018-01-10",75.45,75.5,75.08,75.14,10821983,"XLE"
"2018-01-09",75.57,75.59,75.11,75.23,9234491,"XLE"
"2018-01-08",74.94,75.46,74.7353,75.42,9779217,"XLE"
"2018-01-05",74.9,75.03,74.35,74.97,14204426,"XLE"
"2018-01-04",74.5,75.05,74.23,75,14306843,"XLE"
"2018-01-03",73.6,74.74,73.52,74.55,19299630,"XLE"
"2018-01-02",72.62,73.53,72.39,73.45,14891354,"XLE"
"2017-12-29",72.66,72.7,72.1401,72.26,7356372,"XLE"
"2017-12-28",72.35,72.47,72.225,72.47,7966785,"XLE"
"2017-12-27",72.61,72.64,72.214,72.36,10855316,"XLE"
"2017-12-26",72.23,72.72,72.08,72.6,8631105,"XLE"
"2017-12-22",71.925,72.26,71.6001,71.97,10660816,"XLE"
"2017-12-21",70.41,72.03,70.29,71.82,16803132,"XLE"
"2017-12-20",69.63,70.45,69.37,70.33,12254496,"XLE"
"2017-12-19",69.52,69.75,69.19,69.35,6764247,"XLE"
"2017-12-18",68.96,69.595,68.87,69.25,9660685,"XLE"
"2017-12-15",69.21,69.27,68.625,68.72,10153405,"XLE"
"2017-12-14",69.35,69.73,69.21,69.24,11782846,"XLE"
"2017-12-13",69.59,69.75,69.285,69.49,9216049,"XLE"
"2017-12-12",70.05,70.13,69.495,69.59,11758230,"XLE"
"2017-12-11",69.41,70.135,69.37,69.78,11316715,"XLE"
"2017-12-08",69,69.31,66.6863,69.28,10696685,"XLE"
"2017-12-07",68.38,68.77,68.32,68.65,8639978,"XLE"
"2017-12-06",69.15,69.27,68.351,68.45,12061155,"XLE"
"2017-12-05",69.65,69.9,69.27,69.35,10689760,"XLE"
"2017-12-04",69.75,70.75,69.43,69.65,13575949,"XLE"
"2017-12-01",69.59,70.16,68.94,69.68,21188342,"XLE"
"2017-11-30",68.24,69.23,68.24,69.1,22303582,"XLE"
"2017-11-29",67.68,68.205,67.54,68.08,13599337,"XLE"
"2017-11-28",67.26,67.81,67.18,67.71,12113321,"XLE"
"2017-11-27",67.59,67.67,67.045,67.19,10595899,"XLE"
"2017-11-24",67.96,68.1,67.87,67.88,4990724,"XLE"
"2017-11-22",67.82,67.955,67.65,67.69,9307472,"XLE"
"2017-11-21",67.53,67.8,67.28,67.42,8464364,"XLE"
"2017-11-20",67.35,67.41,66.975,67.27,7785255,"XLE"
"2017-11-17",67.23,67.57,67.06,67.43,9172427,"XLE"
"2017-11-16",67.16,67.4,66.91,67.1,12513950,"XLE"
"2017-11-15",67.53,67.67,67.09,67.37,17693128,"XLE"
"2017-11-14",69,69,68.06,68.14,16527694,"XLE"
"2017-11-13",69.47,69.73,69.18,69.26,7489798,"XLE"
"2017-11-10",69.91,69.97,69.1301,69.66,10534238,"XLE"
"2017-11-09",69.55,70.15,69.45,70.03,12886734,"XLE"
"2017-11-08",69.99,70.17,69.4301,69.82,14246622,"XLE"
"2017-11-07",70.37,70.4651,69.79,70.16,13410298,"XLE"
"2017-11-06",68.99,70.34,68.87,70.25,19099969,"XLE"
"2017-11-03",68.45,68.95,68.38,68.68,11111879,"XLE"
"2017-11-02",68.68,68.87,68.065,68.48,11328296,"XLE"
"2017-11-01",68.32,68.995,68.29,68.68,17306253,"XLE"
"2017-10-31",67.72,68.16,67.42,67.91,9648980,"XLE"
"2017-10-30",67.44,67.88,67.3101,67.69,11614807,"XLE"
"2017-10-27",66.87,67.7,66.34,67.34,16187992,"XLE"
"2017-10-26",67.11,67.44,66.82,67.22,9362173,"XLE"
"2017-10-25",67.43,67.625,66.87,67.08,13522747,"XLE"
"2017-10-24",67.66,67.85,67.405,67.55,9820238,"XLE"
"2017-10-23",67.82,68.04,67.36,67.42,8655313,"XLE"
"2017-10-20",67.79,67.81,67.32,67.77,9820249,"XLE"
"2017-10-19",67.38,67.92,67.35,67.64,7591879,"XLE"
"2017-10-18",68.28,68.56,67.77,67.85,7706312,"XLE"
"2017-10-17",68.27,68.475,67.961,68.33,8377136,"XLE"
"2017-10-16",68.35,68.6863,68.15,68.29,7666914,"XLE"
"2017-10-13",68.58,68.78,68.1,68.14,8893702,"XLE"
"2017-10-12",67.91,68.265,67.8,68.18,10181097,"XLE"
"2017-10-11",68.19,68.465,67.91,68.43,10287024,"XLE"
"2017-10-10",68.69,68.93,68.2,68.27,7763702,"XLE"
"2017-10-09",68.15,68.415,68.07,68.21,5764084,"XLE"
"2017-10-06",68,68.375,67.84,68.07,11963273,"XLE"
"2017-10-05",68.39,68.76,68.35,68.65,10161797,"XLE"
"2017-10-04",68.39,68.59,68.1,68.34,10197587,"XLE"
"2017-10-03",68.37,68.62,68.24,68.39,7239789,"XLE"
"2017-10-02",67.75,68.48,67.49,68.46,12416792,"XLE"
"2017-09-29",68.25,68.49,68.03,68.48,14287467,"XLE"
"2017-09-28",68.58,68.9,68.3,68.49,11799895,"XLE"
"2017-09-27",68.2,68.45,67.82,68.43,10918244,"XLE"
"2017-09-26",68,68.265,67.81,68.14,10710700,"XLE"
"2017-09-25",67.51,68.37,67.445,68.17,14833769,"XLE"
"2017-09-22",66.8,67.39,66.73,67.2,14647937,"XLE"
"2017-09-21",66.75,67.025,66.56,66.86,8874083,"XLE"
"2017-09-20",66.58,67.02,66.521,66.84,18273771,"XLE"
"2017-09-19",66.26,66.485,66.13,66.39,10504257,"XLE"
"2017-09-18",65.69,66.16,65.64,66.12,12583545,"XLE"
"2017-09-15",65.82,65.84,65.4,65.84,13068128,"XLE"
"2017-09-14",66.36,67,66.35,66.55,14583401,"XLE"
"2017-09-13",65.55,66.27,65.48,66.23,15893275,"XLE"
"2017-09-12",65.2,65.55,65.03,65.41,9409697,"XLE"
"2017-09-11",64.65,65.1,64.5,65.01,13551055,"XLE"
"2017-09-08",64.95,64.99,64.1,64.4,10264742,"XLE"
"2017-09-07",65,65.25,64.66,65.09,8640332,"XLE"
"2017-09-06",64.25,65.15,64.22,64.97,17052125,"XLE"
"2018-01-29",30.19,30.3255,30.0838,30.15,29936642,"XLF"
"2018-01-26",30.04,30.18,29.9,30.17,33871918,"XLF"
"2018-01-25",30.13,30.13,29.85,29.95,45423660,"XLF"
"2018-01-24",29.95,30.08,29.77,30.01,66370993,"XLF"
"2018-01-23",29.71,29.86,29.57,29.81,60861986,"XLF"
"2018-01-22",29.55,29.79,29.51,29.78,46868889,"XLF"
"2018-01-19",29.43,29.55,29.37,29.54,60727800,"XLF"
"2018-01-18",29.47,29.48,29.29,29.33,49247357,"XLF"
"2018-01-17",29.23,29.45,28.99,29.37,54311955,"XLF"
"2018-01-16",29.48,29.53,28.99,29.15,67563816,"XLF"
"2018-01-12",29.14,29.25,28.96,29.23,44537496,"XLF"
"2018-01-11",28.95,29,28.81,28.97,42361715,"XLF"
"2018-01-10",28.68,28.95,28.63,28.83,64670892,"XLF"
"2018-01-09",28.49,28.74,28.44,28.59,51418697,"XLF"
"2018-01-08",28.38,28.426,28.27,28.37,44252096,"XLF"
"2018-01-05",28.48,28.48,28.23,28.41,37989521,"XLF"
"2018-01-04",28.23,28.54,28.18,28.33,62246955,"XLF"
"2018-01-03",27.97,28.09,27.875,28.07,56906235,"XLF"
"2018-01-02",28.09,28.09,27.79,27.92,55436075,"XLF"
"2017-12-29",28.2,28.2,27.91,27.91,55169774,"XLF"
"2017-12-28",28.07,28.12,27.995,28.11,28129661,"XLF"
"2017-12-27",27.99,28.01,27.91,28,29420966,"XLF"
"2017-12-26",28.05,28.135,27.86,27.97,33710115,"XLF"
"2017-12-22",28.195,28.25,27.92,28.05,43020251,"XLF"
"2017-12-21",28.035,28.21,28.005,28.13,46123492,"XLF"
"2017-12-20",28.175,28.22,27.87,27.89,69680335,"XLF"
"2017-12-19",28.22,28.24,27.94,27.94,57366287,"XLF"
"2017-12-18",28.07,28.1961,27.99,28.06,61275464,"XLF"
"2017-12-15",27.705,28,27.6337,27.81,111826079,"XLF"
"2017-12-14",27.98,28.01,27.66,27.69,76969978,"XLF"
"2017-12-13",28.19,28.25,27.85,27.87,97335327,"XLF"
"2017-12-12",28.05,28.325,27.955,28.22,69517086,"XLF"
"2017-12-11",28.01,28.05,27.86,27.94,43278359,"XLF"
"2017-12-08",27.98,28.01,27.78,28.01,55001592,"XLF"
"2017-12-07",27.63,27.94,27.58,27.84,59625533,"XLF"
"2017-12-06",27.75,27.91,27.67,27.75,60299083,"XLF"
"2017-12-05",28.1,28.15,27.78,27.85,77706195,"XLF"
"2017-12-04",28.04,28.2,28,28,99820365,"XLF"
"2017-12-01",27.56,27.71,26.95,27.58,148119604,"XLF"
"2017-11-30",27.58,27.88,27.375,27.52,135241711,"XLF"
"2017-11-29",27.14,27.52,27.07,27.34,135340640,"XLF"
"2017-11-28",26.23,26.91,26.21,26.88,86506957,"XLF"
"2017-11-27",26.2,26.34,26.18,26.2,42346421,"XLF"
"2017-11-24",26.33,26.38,26.2,26.22,12172481,"XLF"
"2017-11-22",26.36,26.43,26.23,26.23,30959362,"XLF"
"2017-11-21",26.37,26.399,26.301,26.36,35972390,"XLF"
"2017-11-20",26.21,26.32,26.13,26.28,35232374,"XLF"
"2017-11-17",26.06,26.22,26.03,26.16,41938651,"XLF"
"2017-11-16",26.3,26.36,26.17,26.19,53648093,"XLF"
"2017-11-15",25.88,26.2666,25.86,26.18,64952279,"XLF"
"2017-11-14",26.02,26.12,25.93,26.11,54101775,"XLF"
"2017-11-13",25.92,26.175,25.9,26.12,50579178,"XLF"
"2017-11-10",26.18,26.225,26.06,26.08,53209576,"XLF"
"2017-11-09",26.08,26.25,25.89,26.16,94527190,"XLF"
"2017-11-08",26.33,26.34,26.16,26.25,55844924,"XLF"
"2017-11-07",26.77,26.85,26.31,26.38,70325500,"XLF"
"2017-11-06",26.71,26.8,26.66,26.75,33642145,"XLF"
"2017-11-03",26.8,26.82,26.7,26.78,42386958,"XLF"
"2017-11-02",26.67,26.93,26.535,26.89,51098312,"XLF"
"2017-11-01",26.71,26.83,26.611,26.64,40921865,"XLF"
"2017-10-31",26.67,26.77,26.57,26.6,39890794,"XLF"
"2017-10-30",26.65,26.79,26.6,26.67,48157525,"XLF"
"2017-10-27",26.75,26.83,26.61,26.78,56694352,"XLF"
"2017-10-26",26.75,26.92,26.75,26.8,41832594,"XLF"
"2017-10-25",26.89,26.92,26.5,26.65,68653530,"XLF"
"2017-10-24",26.71,26.86,26.69,26.81,61259191,"XLF"
"2017-10-23",26.65,26.7,26.56,26.62,43555183,"XLF"
"2017-10-20",26.61,26.66,26.52,26.64,56083775,"XLF"
"2017-10-19",26.12,26.34,26.08,26.33,34671617,"XLF"
"2017-10-18",26.28,26.35,26.1701,26.31,52201500,"XLF"
"2017-10-17",26.39,26.4,26.11,26.17,37844216,"XLF"
"2017-10-16",26.15,26.31,26.14,26.3,42000717,"XLF"
"2017-10-13",25.99,26.22,25.89,26.13,69561357,"XLF"
"2017-10-12",26.39,26.4,26.09,26.12,53834797,"XLF"
"2017-10-11",26.31,26.345,26.21,26.32,33748617,"XLF"
"2017-10-10",26.29,26.37,26.22,26.37,35822514,"XLF"
"2017-10-09",26.42,26.42,26.19,26.25,31340231,"XLF"
"2017-10-06",26.39,26.46,26.21,26.35,66077803,"XLF"
"2017-10-05",26.08,26.41,26.0062,26.32,61260377,"XLF"
"2017-10-04",26.1,26.18,26.04,26.05,39283783,"XLF"
"2017-10-03",26.06,26.17,26.01,26.17,48062892,"XLF"
"2017-10-02",25.81,26.08,25.81,26.08,52773978,"XLF"
"2017-09-29",25.74,25.86,25.7,25.86,42740827,"XLF"
"2017-09-28",25.79,25.8,25.61,25.74,37718872,"XLF"
"2017-09-27",25.71,25.83,25.595,25.7,65919146,"XLF"
"2017-09-26",25.44,25.48,25.32,25.39,46811004,"XLF"
"2017-09-25",25.4,25.49,25.23,25.4,39774597,"XLF"
"2017-09-22",25.36,25.46,25.285,25.43,42306550,"XLF"
"2017-09-21",25.34,25.52,25.3201,25.46,51050081,"XLF"
"2017-09-20",25.27,25.49,25.15,25.4,70595545,"XLF"
"2017-09-19",25.06,25.31,25.02,25.25,58443318,"XLF"
"2017-09-18",24.86,25.07,24.84,25.06,44010385,"XLF"
"2017-09-15",24.66,24.79,24.63,24.77,59250192,"XLF"
"2017-09-14",24.86,24.92,24.75,24.8,47163158,"XLF"
"2017-09-13",24.77,24.86,24.68,24.85,51049443,"XLF"
"2017-09-12",24.61,24.83,24.59,24.81,66350629,"XLF"
"2017-09-11",24.38,24.59,24.33,24.52,73305743,"XLF"
"2017-09-08",23.9,24.19,23.85,24.1,68639461,"XLF"
"2017-09-07",24.34,24.36,23.79,23.88,87667847,"XLF"
"2017-09-06",24.33,24.42,24.22,24.3,77593850,"XLF"
"2018-01-29",91.3,91.79,91.28,91.555,7866580,"XLV"
"2018-01-26",90.02,91.56,90,91.54,9784419,"XLV"
"2018-01-25",89.28,89.699,88.94,89.61,6339257,"XLV"
"2018-01-24",89.03,89.18,88.54,88.85,8291063,"XLV"
"2018-01-23",89.01,89.18,88.51,88.59,7637626,"XLV"
"2018-01-22",88.41,89.07,88.25,89.02,11152504,"XLV"
"2018-01-19",88.45,88.4726,88,88.44,4802430,"XLV"
"2018-01-18",88.1,88.2029,87.595,88.11,7954811,"XLV"
"2018-01-17",87.65,88.2752,87.43,88.09,7214557,"XLV"
"2018-01-16",87.36,87.9467,87.11,87.25,8920043,"XLV"
"2018-01-12",86.32,86.92,86.2489,86.82,5391784,"XLV"
"2018-01-11",85.94,86.18,85.695,86.16,4247768,"XLV"
"2018-01-10",85.65,85.81,85.15,85.79,10835795,"XLV"
"2018-01-09",85.2,86.12,85.12,85.94,6962937,"XLV"
"2018-01-08",85.15,85.26,84.505,84.94,5167335,"XLV"
"2018-01-05",84.8,85.33,84.635,85.25,7579284,"XLV"
"2018-01-04",84.68,84.835,84.315,84.53,7762520,"XLV"
"2018-01-03",83.6,84.47,83.36,84.41,7606500,"XLV"
"2018-01-02",82.99,83.65,82.87,83.61,6708904,"XLV"
"2017-12-29",83.33,83.46,82.59,82.68,4877164,"XLV"
"2017-12-28",83.22,83.34,82.93,83.19,5380553,"XLV"
"2017-12-27",82.99,83.29,82.98,83.07,4053305,"XLV"
"2017-12-26",82.84,83.04,82.75,82.93,2504110,"XLV"
"2017-12-22",83.12,83.16,82.71,82.91,7023606,"XLV"
"2017-12-21",83.43,83.68,83.121,83.18,4304185,"XLV"
"2017-12-20",83.79,83.95,83.36,83.37,4686673,"XLV"
"2017-12-19",83.78,84.159,83.6,83.64,4777141,"XLV"
"2017-12-18",84.03,84.2,83.685,83.74,5655404,"XLV"
"2017-12-15",83.23,83.74,83.11,83.71,8012239,"XLV"
"2017-12-14",84.06,84.16,83.045,83.13,6772081,"XLV"
"2017-12-13",83.68,84.215,83.6543,83.98,8459771,"XLV"
"2017-12-12",83.39,83.82,83.39,83.69,6068627,"XLV"
"2017-12-11",83.08,83.41,82.95,83.36,6588637,"XLV"
"2017-12-08",82.33,83.02,82.27,83.01,8444114,"XLV"
"2017-12-07",82.02,82.25,81.77,82.09,3979212,"XLV"
"2017-12-06",82.19,82.46,81.71,82.07,8532978,"XLV"
"2017-12-05",82.33,82.74,82.07,82.14,13241033,"XLV"
"2017-12-04",83.78,83.795,82.28,82.28,9770338,"XLV"
"2017-12-01",83.43,83.65,82.17,83.3,15315398,"XLV"
"2017-11-30",83.11,83.72,82.8647,83.47,10639564,"XLV"
"2017-11-29",82.51,83.15,82.51,82.85,8144634,"XLV"
"2017-11-28",82.04,82.51,81.82,82.44,8290415,"XLV"
"2017-11-27",81.77,81.98,81.7,81.84,4241438,"XLV"
"2017-11-24",81.69,81.8,81.51,81.77,1650633,"XLV"
"2017-11-22",81.61,81.9152,81.45,81.58,4853077,"XLV"
"2017-11-21",81.34,81.795,81.3101,81.61,7974451,"XLV"
"2017-11-20",81.23,81.3,80.77,80.9,4898452,"XLV"
"2017-11-17",81.19,81.5,81.11,81.24,6129753,"XLV"
"2017-11-16",80.84,81.66,80.84,81.56,4780484,"XLV"
"2017-11-15",80.65,80.97,80.44,80.72,4952318,"XLV"
"2017-11-14",81.01,81.1,80.585,80.95,7430107,"XLV"
"2017-11-13",80.93,81.435,80.7,81.28,4704018,"XLV"
"2017-11-10",81.53,81.53,80.6947,81.2,4826328,"XLV"
"2017-11-09",81.52,81.81,81.2299,81.73,6960646,"XLV"
"2017-11-08",81.44,81.81,81.34,81.72,6186215,"XLV"
"2017-11-07",81.5,81.65,81.2442,81.53,4439915,"XLV"
"2017-11-06",81.48,81.57,81.3,81.36,4853232,"XLV"
"2017-11-03",80.85,81.655,80.85,81.61,6862733,"XLV"
"2017-11-02",81.46,81.48,80.755,80.94,10200322,"XLV"
"2017-11-01",81.25,81.65,81.09,81.31,7427810,"XLV"
"2017-10-31",81.21,81.46,80.97,81.11,6548619,"XLV"
"2017-10-30",81.8,81.92,81.08,81.26,5884007,"XLV"
"2017-10-27",81.87,82.23,81.83,82.14,6121961,"XLV"
"2017-10-26",82.4,82.635,81.66,82.16,13466887,"XLV"
"2017-10-25",83.03,83.225,82.67,82.99,6819089,"XLV"
"2017-10-24",83.68,83.69,82.63,83.11,7145502,"XLV"
"2017-10-23",83.99,84.305,83.63,83.67,7159559,"XLV"
"2017-10-20",83.82,83.95,83.59,83.88,6343777,"XLV"
"2017-10-19",83.18,83.8147,83.06,83.79,6410394,"XLV"
"2017-10-18",83.37,83.73,83.18,83.28,6938689,"XLV"
"2017-10-17",82.23,83.38,82.23,83.16,8437761,"XLV"
"2017-10-16",82.36,82.68,81.91,82.06,10219710,"XLV"
"2017-10-13",82.36,82.53,82.22,82.42,5909628,"XLV"
"2017-10-12",82.69,82.82,82.53,82.63,4732044,"XLV"
"2017-10-11",82.51,82.81,82.49,82.72,4031596,"XLV"
"2017-10-10",82.4,82.56,82.11,82.56,4037741,"XLV"
"2017-10-09",82.88,82.9,82.24,82.37,4558776,"XLV"
"2017-10-06",82.85,83.21,82.76,82.89,4035940,"XLV"
"2017-10-05",82.94,83.01,82.62,83,7709648,"XLV"
"2017-10-04",82.66,82.97,82.58,82.94,3291140,"XLV"
"2017-10-03",82.68,82.7963,82.215,82.54,5141700,"XLV"
"2017-10-02",81.97,82.57,81.88,82.56,8764865,"XLV"
"2017-09-29",81.26,81.77,81.06,81.73,6902730,"XLV"
"2017-09-28",81.11,81.52,80.99,81.25,4229024,"XLV"
"2017-09-27",81.42,81.42,80.835,81.18,5384691,"XLV"
"2017-09-26",81.57,81.7962,81.18,81.21,4579765,"XLV"
"2017-09-25",81.47,81.84,81.215,81.34,12439330,"XLV"
"2017-09-22",81.47,81.69,81.155,81.58,6473284,"XLV"
"2017-09-21",81.95,82.04,81.54,81.58,4527869,"XLV"
"2017-09-20",81.95,82.089,81.41,82,5101780,"XLV"
"2017-09-19",82.61,82.71,81.83,81.92,7329150,"XLV"
"2017-09-18",82.68,82.9,82.44,82.57,7783052,"XLV"
"2017-09-15",83.06,83.06,82.5,82.59,7091336,"XLV"
"2017-09-14",82.82,83.29,82.7165,83.16,6373776,"XLV"
"2017-09-13",83.26,83.41,82.8917,83.05,5873781,"XLV"
"2017-09-12",83.2,83.37,83.035,83.36,6984789,"XLV"
"2017-09-11",82.91,83.2,82.73,83.18,6286176,"XLV"
"2017-09-08",82.05,82.68,81.9108,82.54,4302627,"XLV"
"2017-09-07",81.26,82.35,81.24,82.17,7250995,"XLV"
"2017-09-06",81.16,81.35,80.795,81.27,8790950,"XLV"
"2018-01-29",80.52,80.96,80.13,80.39,7387382,"XLI"
"2018-01-26",79.98,80.66,79.71,80.66,8008280,"XLI"
"2018-01-25",79.86,79.98,79.07,79.74,12499163,"XLI"
"2018-01-24",79.71,80.075,79.17,79.66,9660029,"XLI"
"2018-01-23",79.68,79.81,79.35,79.73,8953776,"XLI"
"2018-01-22",79.47,79.71,79.1,79.69,12175309,"XLI"
"2018-01-19",79.78,79.79,79.33,79.69,8657709,"XLI"
"2018-01-18",79.89,80.115,79.39,79.46,7790367,"XLI"
"2018-01-17",79.59,79.9662,79.34,79.89,7814286,"XLI"
"2018-01-16",80.47,80.5954,79.09,79.45,13343749,"XLI"
"2018-01-12",79.79,80.245,79.65,80.17,7436215,"XLI"
"2018-01-11",78.78,79.46,78.58,79.43,9448279,"XLI"
"2018-01-10",78.29,78.685,78.06,78.43,11669537,"XLI"
"2018-01-09",78.04,78.64,78.01,78.44,8967679,"XLI"
"2018-01-08",77.7,77.99,77.595,77.94,5727464,"XLI"
"2018-01-05",77.46,77.66,77.03,77.62,16996216,"XLI"
"2018-01-04",76.86,77.15,76.72,77.09,16482955,"XLI"
"2018-01-03",76.24,76.58,76.06,76.53,18155013,"XLI"
"2018-01-02",75.92,76.13,75.57,76.12,14903889,"XLI"
"2017-12-29",75.97,76,75.6,75.67,4825920,"XLI"
"2017-12-28",75.87,75.88,75.525,75.81,4629635,"XLI"
"2017-12-27",75.54,75.69,75.445,75.66,4730298,"XLI"
"2017-12-26",75.49,75.73,75.32,75.48,4983944,"XLI"
"2017-12-22",75.44,75.54,75.2,75.4,3730530,"XLI"
"2017-12-21",75.53,75.67,75.1935,75.38,9456432,"XLI"
"2017-12-20",75.53,75.58,75.205,75.32,5778942,"XLI"
"2017-12-19",75.15,75.415,74.87,75.07,6211569,"XLI"
"2017-12-18",74.91,75.1367,74.85,75.05,6017304,"XLI"
"2017-12-15",74.35,74.71,74.0301,74.52,8934953,"XLI"
"2017-12-14",75.05,75.23,74.39,74.4,9214301,"XLI"
"2017-12-13",74.81,75.31,74.495,74.91,8626629,"XLI"
"2017-12-12",74.67,74.825,74.55,74.62,9259710,"XLI"
"2017-12-11",74.75,74.83,74.41,74.54,5911620,"XLI"
"2017-12-08",74.75,74.75,74.38,74.69,6804481,"XLI"
"2017-12-07",73.6,74.53,73.58,74.37,10918707,"XLI"
"2017-12-06",73.44,73.96,73.361,73.69,15569280,"XLI"
"2017-12-05",74.34,74.55,73.52,73.58,16548272,"XLI"
"2017-12-04",74.36,75.1,74.21,74.21,19276385,"XLI"
"2017-12-01",74.38,74.49,72.76,73.59,29693745,"XLI"
"2017-11-30",73.51,74.66,73.3001,74.51,19672720,"XLI"
"2017-11-29",72.64,73.3,72.49,73.26,12393505,"XLI"
"2017-11-28",71.69,72.62,71.61,72.62,10065320,"XLI"
"2017-11-27",71.59,71.62,71.4,71.53,4739301,"XLI"
"2017-11-24",71.59,71.6,71.37,71.41,3387498,"XLI"
"2017-11-22",71.38,71.629,71.3,71.41,7037442,"XLI"
"2017-11-21",71.05,71.34,70.88,71.33,7387930,"XLI"
"2017-11-20",70.57,70.91,70.51,70.82,6485659,"XLI"
"2017-11-17",70.64,70.75,70.45,70.5,7745062,"XLI"
"2017-11-16",70.55,70.98,70.4301,70.89,6038903,"XLI"
"2017-11-15",70.3,70.465,70.04,70.23,10669233,"XLI"
"2017-11-14",70.63,70.73,70.41,70.63,7062101,"XLI"
"2017-11-13",70.84,71,70.63,70.82,5256847,"XLI"
"2017-11-10",70.81,71.15,70.69,71.06,5344848,"XLI"
"2017-11-09",71.47,71.54,70.67,70.96,10226655,"XLI"
"2017-11-08",71.88,71.945,71.72,71.86,5622722,"XLI"
"2017-11-07",71.87,72.09,71.84,71.98,5181067,"XLI"
"2017-11-06",71.88,72,71.7724,71.87,7134560,"XLI"
"2017-11-03",71.89,71.97,71.65,71.83,6974984,"XLI"
"2017-11-02",71.45,71.94,71.28,71.9,6924338,"XLI"
"2017-11-01",71.75,71.92,71.45,71.49,9104783,"XLI"
"2017-10-31",71.89,72.08,71.5,71.53,8793310,"XLI"
"2017-10-30",72.15,72.205,71.765,71.82,9082134,"XLI"
"2017-10-27",72.19,72.52,72.15,72.32,7534191,"XLI"
"2017-10-26",72.43,72.63,72.13,72.29,8323251,"XLI"
"2017-10-25",72.86,72.86,71.835,72.19,11078774,"XLI"
"2017-10-24",72.86,73.2,72.82,72.91,7921908,"XLI"
"2017-10-23",72.95,72.96,72.48,72.5,6800578,"XLI"
"2017-10-20",72.2,72.96,72.01,72.96,9043395,"XLI"
"2017-10-19",71.69,72.18,71.554,72.18,6962546,"XLI"
"2017-10-18",72,72.19,71.89,71.98,7887734,"XLI"
"2017-10-17",71.94,72.05,71.8,71.95,5235976,"XLI"
"2017-10-16",72.12,72.19,71.92,72.14,7215685,"XLI"
"2017-10-13",72.49,72.62,71.995,72.06,5759041,"XLI"
"2017-10-12",71.7,72.27,71.69,72.19,12112126,"XLI"
"2017-10-11",71.76,71.85,71.65,71.81,7294426,"XLI"
"2017-10-10",72.17,72.19,71.72,71.85,6264262,"XLI"
"2017-10-09",71.97,72.11,71.63,71.74,7813987,"XLI"
"2017-10-06",71.84,72.02,71.66,71.94,4445370,"XLI"
"2017-10-05",71.74,72.02,71.61,71.95,15061346,"XLI"
"2017-10-04",71.78,71.9,71.65,71.78,14772483,"XLI"
"2017-10-03",71.53,71.8,71.43,71.8,11793428,"XLI"
"2017-10-02",70.97,71.49,70.8575,71.49,16764672,"XLI"
"2017-09-29",70.75,71.01,70.62,71,6527169,"XLI"
"2017-09-28",70.73,70.85,70.5,70.79,6124550,"XLI"
"2017-09-27",70.93,71.1068,70.6501,70.83,6943694,"XLI"
"2017-09-26",70.77,70.88,70.7,70.75,3997786,"XLI"
"2017-09-25",70.83,70.85,70.26,70.75,6917087,"XLI"
"2017-09-22",70.62,70.82,70.55,70.75,3533893,"XLI"
"2017-09-21",70.32,70.635,70.2,70.57,4377660,"XLI"
"2017-09-20",69.89,70.375,69.89,70.36,6676220,"XLI"
"2017-09-19",69.84,69.935,69.77,69.85,7160002,"XLI"
"2017-09-18",69.54,69.85,69.48,69.78,6143732,"XLI"
"2017-09-15",69.15,69.42,69,69.39,9989759,"XLI"
"2017-09-14",68.99,69.44,68.9,69.42,6864883,"XLI"
"2017-09-13",69.14,69.19,68.94,69.09,5528446,"XLI"
"2017-09-12",69.02,69.21,68.9,69.19,7606229,"XLI"
"2017-09-11",68.53,68.88,68.53,68.86,8005620,"XLI"
"2017-09-08",67.71,68.37,67.61,68.27,8066996,"XLI"
"2017-09-07",67.95,68.04,67.64,68.04,13887023,"XLI"
"2017-09-06",67.97,68.12,67.83,67.9,19701442,"XLI"
"2018-01-29",64.04,64.12,63.53,63.6,3086755,"XLB"
"2018-01-26",63.85,64.17,63.39,64.09,3881313,"XLB"
"2018-01-25",63.68,64.08,63.5548,63.81,7768292,"XLB"
"2018-01-24",63.28,63.71,63.12,63.39,5744187,"XLB"
"2018-01-23",63,63.17,62.67,63.12,4021486,"XLB"
"2018-01-22",63.19,63.19,62.79,63.13,5718967,"XLB"
"2018-01-19",63.19,63.3125,62.93,63.28,4933242,"XLB"
"2018-01-18",62.75,63.13,62.53,62.9,5893749,"XLB"
"2018-01-17",63.1,63.22,62.68,62.94,10849439,"XLB"
"2018-01-16",63.58,63.66,62.26,62.65,8512923,"XLB"
"2018-01-12",63.53,63.57,63.17,63.39,4548754,"XLB"
"2018-01-11",62.72,63.29,62.67,63.29,5821321,"XLB"
"2018-01-10",62.73,62.74,62.34,62.47,4220417,"XLB"
"2018-01-09",63.03,63.32,62.81,62.85,4755486,"XLB"
"2018-01-08",62.92,63.01,62.6444,62.95,4539115,"XLB"
"2018-01-05",62.63,62.925,62.49,62.86,4671998,"XLB"
"2018-01-04",62.08,62.4872,62.05,62.36,4120092,"XLB"
"2018-01-03",61.55,61.89,61.41,61.82,4952274,"XLB"
"2018-01-02",60.85,61.41,60.69,61.39,8979239,"XLB"
"2017-12-29",60.87,60.87,60.47,60.53,2484820,"XLB"
"2017-12-28",60.44,60.65,60.305,60.64,1565375,"XLB"
"2017-12-27",60.4,60.485,60.32,60.37,4186580,"XLB"
"2017-12-26",60.37,60.44,60.25,60.29,1659846,"XLB"
"2017-12-22",60.15,60.39,60.09,60.34,3005570,"XLB"
"2017-12-21",60.11,60.24,59.88,60.11,3211897,"XLB"
"2017-12-20",60.15,60.19,59.895,59.9,4758526,"XLB"
"2017-12-19",59.93,60.09,59.83,59.88,3154826,"XLB"
"2017-12-18",59.46,60,59.43,59.95,4871311,"XLB"
"2017-12-15",58.99,59.25,58.87,59.08,5028992,"XLB"
"2017-12-14",59.68,59.83,58.99,59.02,4184542,"XLB"
"2017-12-13",59.56,59.76,59.535,59.68,4181825,"XLB"
"2017-12-12",59.63,59.71,59.46,59.52,6014525,"XLB"
"2017-12-11",59.59,59.76,59.42,59.51,5228742,"XLB"
"2017-12-08",59.5,59.7,59.295,59.43,5135190,"XLB"
"2017-12-07",58.97,59.44,58.85,59.43,3580298,"XLB"
"2017-12-06",59.27,59.4,59.01,59.03,4038694,"XLB"
"2017-12-05",59.7,59.8,59.36,59.38,8226823,"XLB"
"2017-12-04",59.49,60.1662,59.47,59.68,6523438,"XLB"
"2017-12-01",59.67,59.75,58.615,59.07,8183852,"XLB"
"2017-11-30",59.36,59.97,59.25,59.56,7508643,"XLB"
"2017-11-29",59.21,59.27,59.02,59.23,3869076,"XLB"
"2017-11-28",58.59,59.17,58.56,59.14,4400650,"XLB"
"2017-11-27",58.87,58.87,58.48,58.49,3801194,"XLB"
"2017-11-24",58.67,58.91,58.64,58.84,1223172,"XLB"
"2017-11-22",58.76,58.78,58.54,58.54,2375836,"XLB"
"2017-11-21",58.72,58.99,58.63,58.7,3100151,"XLB"
"2017-11-20",58.26,58.5552,58.18,58.39,4159083,"XLB"
"2017-11-17",58.08,58.495,58.03,58.31,2825905,"XLB"
"2017-11-16",57.73,58.3,57.68,58.23,3507354,"XLB"
"2017-11-15",57.53,57.68,57.26,57.53,5480646,"XLB"
"2017-11-14",58.06,58.12,57.73,57.88,3686724,"XLB"
"2017-11-13",57.89,58.49,57.7,58.41,2704230,"XLB"
"2017-11-10",58.01,58.265,57.985,58.11,2850003,"XLB"
"2017-11-09",58.4,58.495,58.02,58.2,4687707,"XLB"
"2017-11-08",58.73,58.81,58.54,58.7,2566659,"XLB"
"2017-11-07",58.67,58.76,58.46,58.64,3625964,"XLB"
"2017-11-06",58.75,58.995,58.52,58.58,3698343,"XLB"
"2017-11-03",58.9,58.9048,58.5544,58.83,3791017,"XLB"
"2017-11-02",59.37,59.37,58.73,58.86,12818828,"XLB"
"2017-11-01",59.3,59.48,59.07,59.29,5601046,"XLB"
"2017-10-31",58.91,59.15,58.89,59,4005945,"XLB"
"2017-10-30",59.05,59.17,58.72,58.84,5245711,"XLB"
"2017-10-27",59.38,59.38,58.78,59.12,5191108,"XLB"
"2017-10-26",59.15,59.6175,58.93,59.43,6992972,"XLB"
"2017-10-25",58.96,59.03,58.3901,58.65,5658901,"XLB"
"2017-10-24",58.78,59.0482,58.74,58.96,4225181,"XLB"
"2017-10-23",58.92,59.17,58.6,58.63,3146515,"XLB"
"2017-10-20",58.46,58.74,58.44,58.74,4737369,"XLB"
"2017-10-19",57.9,58.24,57.7,58.24,2725386,"XLB"
"2017-10-18",58.18,58.22,57.97,58.02,4439289,"XLB"
"2017-10-17",58.24,58.28,58.01,58.16,2741054,"XLB"
"2017-10-16",58.61,58.64,58.14,58.31,3313103,"XLB"
"2017-10-13",58.44,58.5,58.32,58.35,3357867,"XLB"
"2017-10-12",57.84,58.15,57.82,58.07,3188107,"XLB"
"2017-10-11",57.9,57.96,57.66,57.96,2016799,"XLB"
"2017-10-10",58.11,58.11,57.73,57.93,2572249,"XLB"
"2017-10-09",57.96,57.985,57.7,57.89,1669516,"XLB"
"2017-10-06",57.78,57.93,57.67,57.9,2631175,"XLB"
"2017-10-05",57.8,58.03,57.72,58.03,3669984,"XLB"
"2017-10-04",57.72,57.85,57.64,57.68,3840511,"XLB"
"2017-10-03",57.5,57.685,57.335,57.66,3668846,"XLB"
"2017-10-02",56.73,57.42,56.71,57.42,7515940,"XLB"
"2017-09-29",56.76,56.875,56.53,56.8,4144433,"XLB"
"2017-09-28",56.35,56.81,56.2,56.8,4356703,"XLB"
"2017-09-27",56.47,56.55,55.99,56.4,3968619,"XLB"
"2017-09-26",56.7,56.77,56.38,56.4,2745321,"XLB"
"2017-09-25",56.51,56.65,56.25,56.65,5489030,"XLB"
"2017-09-22",56.65,56.73,56.46,56.55,2943561,"XLB"
"2017-09-21",56.76,56.955,56.74,56.75,3172419,"XLB"
"2017-09-20",56.85,56.985,56.56,56.87,4432406,"XLB"
"2017-09-19",56.56,56.7,56.32,56.67,3031963,"XLB"
"2017-09-18",56.18,56.44,56.08,56.38,4425690,"XLB"
"2017-09-15",56.03,56.17,55.88,56.07,4700899,"XLB"
"2017-09-14",56.18,56.455,56.0489,56.37,4278758,"XLB"
"2017-09-13",56.21,56.23,55.9,56.18,4390288,"XLB"
"2017-09-12",55.98,56.39,55.97,56.2,6643687,"XLB"
"2017-09-11",55.31,55.875,55.21,55.73,5072313,"XLB"
"2017-09-08",54.99,55.07,54.765,55.01,2719220,"XLB"
"2017-09-07",55.01,55.06,54.68,55.03,4442630,"XLB"
"2017-09-06",54.85,55.015,54.535,54.94,6258511,"XLB"
"2018-01-29",32.07,32.11,31.76,31.91,1620839,"XLRE"
"2018-01-26",32.08,32.1666,31.91,32.16,1472291,"XLRE"
"2018-01-25",32.12,32.14,31.865,32.07,2115890,"XLRE"
"2018-01-24",32.14,32.26,32.01,32.14,2990058,"XLRE"
"2018-01-23",31.81,32.23,31.75,32.23,1873341,"XLRE"
"2018-01-22",31.46,31.75,31.43,31.74,2096095,"XLRE"
"2018-01-19",31.3,31.46,31.2,31.44,1640972,"XLRE"
"2018-01-18",31.47,31.48,31.17,31.22,2276624,"XLRE"
"2018-01-17",31.43,31.61,31.31,31.52,1713570,"XLRE"
"2018-01-16",31.38,31.85,31.27,31.34,5520298,"XLRE"
"2018-01-12",31.39,31.43,31.1033,31.19,1657176,"XLRE"
"2018-01-11",31.7,31.74,31.3522,31.42,1343241,"XLRE"
"2018-01-10",31.97,31.98,31.47,31.62,2174493,"XLRE"
"2018-01-09",32.47,32.4899,32.1,32.12,1277214,"XLRE"
"2018-01-08",32.31,32.53,32.28,32.49,990606,"XLRE"
"2018-01-05",32.27,32.325,32.18,32.27,1400207,"XLRE"
"2018-01-04",32.75,32.75,32.2,32.2,1824077,"XLRE"
"2018-01-03",32.79,32.84,32.66,32.76,1715118,"XLRE"
"2018-01-02",32.99,33.04,32.71,32.75,1744314,"XLRE"
"2017-12-29",32.96,33.04,32.87,32.94,925551,"XLRE"
"2017-12-28",32.75,32.92,32.66,32.91,1133100,"XLRE"
"2017-12-27",32.67,32.7799,32.62,32.72,4420166,"XLRE"
"2017-12-26",32.44,32.65,32.38,32.59,811599,"XLRE"
"2017-12-22",32.22,32.46,32.2,32.42,1012801,"XLRE"
"2017-12-21",32.4,32.42,32.15,32.21,1218517,"XLRE"
"2017-12-20",32.63,32.7275,32.31,32.32,1431017,"XLRE"
"2017-12-19",33.21,33.31,32.61,32.67,1713000,"XLRE"
"2017-12-18",33.31,33.455,33.25,33.3,1096416,"XLRE"
"2017-12-15",33.21,33.27,33.0586,33.19,1770333,"XLRE"
"2017-12-14",33.53,33.57,33.4,33.45,981407,"XLRE"
"2017-12-13",33.48,33.67,33.4,33.42,1735283,"XLRE"
"2017-12-12",33.39,33.529,33.17,33.43,1017903,"XLRE"
"2017-12-11",33.19,33.28,33.075,33.28,1670704,"XLRE"
"2017-12-08",33.18,33.26,33.11,33.2,1444011,"XLRE"
"2017-12-07",33.03,33.16,32.9,33.12,1290434,"XLRE"
"2017-12-06",32.96,33.06,32.84,32.99,1815237,"XLRE"
"2017-12-05",33.11,33.14,32.93,32.94,1918243,"XLRE"
"2017-12-04",33.56,33.68,33.07,33.07,1627522,"XLRE"
"2017-12-01",33.51,33.64,33.23,33.51,3029379,"XLRE"
"2017-11-30",33.49,33.55,33.33,33.45,2192453,"XLRE"
"2017-11-29",33.48,33.5068,33.21,33.41,2106852,"XLRE"
"2017-11-28",33.6,33.63,33.32,33.49,1720888,"XLRE"
"2017-11-27",33.7,33.73,33.57,33.57,652396,"XLRE"
"2017-11-24",33.59,33.72,33.59,33.67,407307,"XLRE"
"2017-11-22",33.64,33.67,33.49,33.55,881058,"XLRE"
"2017-11-21",33.58,33.695,33.5171,33.66,1228903,"XLRE"
"2017-11-20",33.59,33.63,33.44,33.48,1566959,"XLRE"
"2017-11-17",33.62,33.8,33.55,33.56,1758579,"XLRE"
"2017-11-16",33.61,33.85,33.61,33.76,2092076,"XLRE"
"2017-11-15",33.86,33.89,33.6,33.63,1761192,"XLRE"
"2017-11-14",33.89,33.95,33.76,33.88,2061986,"XLRE"
"2017-11-13",33.9,34.0238,33.81,33.91,1510302,"XLRE"
"2017-11-10",33.69,33.91,33.6135,33.81,1760841,"XLRE"
"2017-11-09",33.7,33.97,33.33,33.81,1663345,"XLRE"
"2017-11-08",33.57,33.88,33.46,33.81,2190783,"XLRE"
"2017-11-07",33.3,33.61,33.3,33.56,2246699,"XLRE"
"2017-11-06",32.94,33.385,32.91,33.25,2303733,"XLRE"
"2017-11-03",32.57,32.8,32.5,32.75,2023359,"XLRE"
"2017-11-02",32.55,32.9432,32.51,32.75,2972110,"XLRE"
"2017-11-01",32.55,32.6,32.415,32.47,2057707,"XLRE"
"2017-10-31",32.37,32.5,32.17,32.5,2091643,"XLRE"
"2017-10-30",32.2,32.57,32.1756,32.39,1738784,"XLRE"
"2017-10-27",32.08,32.31,31.865,32.19,2042501,"XLRE"
"2017-10-26",32.44,32.44,32.03,32.14,1646422,"XLRE"
"2017-10-25",32.31,32.405,32.13,32.32,1912262,"XLRE"
"2017-10-24",32.56,32.64,32.29,32.4,1940746,"XLRE"
"2017-10-23",32.8,32.8,32.57,32.61,1095712,"XLRE"
"2017-10-20",32.79,32.83,32.615,32.73,1253200,"XLRE"
"2017-10-19",32.79,32.86,32.655,32.78,1472863,"XLRE"
"2017-10-18",32.83,32.91,32.74,32.8,1294122,"XLRE"
"2017-10-17",32.81,32.89,32.75,32.86,1767649,"XLRE"
"2017-10-16",32.99,33.08,32.835,32.86,1423895,"XLRE"
"2017-10-13",33.07,33.117,32.9,33.02,1857897,"XLRE"
"2017-10-12",32.73,32.95,32.68,32.93,2136270,"XLRE"
"2017-10-11",32.56,32.75,32.52,32.7,1176430,"XLRE"
"2017-10-10",32.54,32.73,32.4622,32.52,987288,"XLRE"
"2017-10-09",32.44,32.54,32.35,32.47,1148025,"XLRE"
"2017-10-06",32.34,32.435,32.09,32.4,1274589,"XLRE"
"2017-10-05",32.43,32.61,32.43,32.49,1766812,"XLRE"
"2017-10-04",32.12,32.4068,32.05,32.39,1743145,"XLRE"
"2017-10-03",32.12,32.1958,32.041,32.11,2533730,"XLRE"
"2017-10-02",32.28,32.3411,32.11,32.12,1814819,"XLRE"
"2017-09-29",32.17,32.27,32.0701,32.24,2488525,"XLRE"
"2017-09-28",31.96,32.24,31.94,32.22,1318878,"XLRE"
"2017-09-27",32.15,32.22,31.88,31.99,1612366,"XLRE"
"2017-09-26",32.27,32.35,32.2,32.26,1360464,"XLRE"
"2017-09-25",32.12,32.32,32.1,32.23,1180631,"XLRE"
"2017-09-22",32.36,32.46,32.0757,32.11,1542277,"XLRE"
"2017-09-21",32.42,32.6,32.38,32.39,2548103,"XLRE"
"2017-09-20",32.58,32.65,32.29,32.44,1283776,"XLRE"
"2017-09-19",32.86,32.89,32.44,32.53,1990963,"XLRE"
"2017-09-18",33,33.105,32.78,32.86,1012304,"XLRE"
"2017-09-15",32.87,33.05,32.79,33.05,3210556,"XLRE"
"2017-09-14",32.89,33.18,32.76,33.17,1492508,"XLRE"
"2017-09-13",33.06,33.06,32.82,32.94,1286694,"XLRE"
"2017-09-12",33.41,33.44,32.9447,33.08,1335606,"XLRE"
"2017-09-11",33.23,33.46,33.23,33.44,1267457,"XLRE"
"2017-09-08",33.15,33.315,33.08,33.2,1102131,"XLRE"
"2017-09-07",32.99,33.255,32.94,33.19,1652728,"XLRE"
"2017-09-06",32.99,33.1,32.895,32.94,2529289,"XLRE"
"2018-01-29",68.99,68.99,68.54,68.75,7290806,"XLK"
"2018-01-26",68.58,69.19,68.43,69.19,10048638,"XLK"
"2018-01-25",68.66,68.72,67.94,68.11,12975913,"XLK"
"2018-01-24",68.94,69.06,68,68.23,18509512,"XLK"
"2018-01-23",68.68,68.9,68.54,68.76,10230061,"XLK"
"2018-01-22",67.75,68.47,67.611,68.46,9002067,"XLK"
"2018-01-19",67.8,67.91,67.45,67.8,11947212,"XLK"
"2018-01-18",67.55,67.845,67.49,67.67,14922916,"XLK"
"2018-01-17",66.93,67.61,66.71,67.55,14688082,"XLK"
"2018-01-16",67.22,67.455,66.375,66.55,18221762,"XLK"
"2018-01-12",66.34,66.9,66.25,66.81,8154313,"XLK"
"2018-01-11",66.3,66.45,66.14,66.42,7887761,"XLK"
"2018-01-10",66.02,66.17,65.83,66.15,10407785,"XLK"
"2018-01-09",66.68,66.7,66.27,66.38,10606414,"XLK"
"2018-01-08",66.27,66.67,66.23,66.55,6733905,"XLK"
"2018-01-05",65.95,66.36,65.82,66.3,9677970,"XLK"
"2018-01-04",65.54,65.78,65.39,65.61,10746591,"XLK"
"2018-01-03",64.86,65.32,64.79,65.28,11331794,"XLK"
"2018-01-02",64.21,64.74,64.05,64.74,13722817,"XLK"
"2017-12-29",64.33,64.35,63.9,63.95,6693188,"XLK"
"2017-12-28",64.37,64.41,64.18,64.29,9658201,"XLK"
"2017-12-27",64.12,64.3,64.07,64.18,5346813,"XLK"
"2017-12-26",64.14,64.18,63.875,64.11,6219227,"XLK"
"2017-12-22",64.49,64.595,64.37,64.54,5485693,"XLK"
"2017-12-21",64.855,64.93,64.516,64.58,15941851,"XLK"
"2017-12-20",64.96,65.01,64.4,64.71,8965187,"XLK"
"2017-12-19",64.98,65.0399,64.57,64.73,11976844,"XLK"
"2017-12-18",65.01,65.2,64.91,65.13,10760780,"XLK"
"2017-12-15",64.06,64.65,63.87,64.56,21305213,"XLK"
"2017-12-14",64.26,64.425,64.04,64.07,10946045,"XLK"
"2017-12-13",64.35,64.46,64.07,64.15,10356137,"XLK"
"2017-12-12",64.11,64.36,63.869,64.13,8397001,"XLK"
"2017-12-11",63.57,64.15,63.53,64.15,11421605,"XLK"
"2017-12-08",63.72,63.91,63.445,63.6,10059018,"XLK"
"2017-12-07",62.95,63.4199,62.91,63.3,11685609,"XLK"
"2017-12-06",62.26,63.045,62.105,62.91,13262335,"XLK"
"2017-12-05",62.38,63.23,62.11,62.51,13927081,"XLK"
"2017-12-04",63.91,63.94,62.43,62.49,16805547,"XLK"
"2017-12-01",63.45,63.83,62.59,63.51,19211806,"XLK"
"2017-11-30",63.56,64.01,63.33,63.84,21047475,"XLK"
"2017-11-29",64.6,64.61,62.84,63.28,33640233,"XLK"
"2017-11-28",64.6,64.77,64.34,64.71,11311646,"XLK"
"2017-11-27",64.39,64.585,64.28,64.5,6889160,"XLK"
"2017-11-24",64.24,64.53,64.22,64.5,4339077,"XLK"
"2017-11-22",64.26,64.28,64.03,64.14,12115822,"XLK"
"2017-11-21",63.84,64.3,63.79,64.26,8173956,"XLK"
"2017-11-20",63.5,63.64,63.41,63.59,6579936,"XLK"
"2017-11-17",63.67,63.72,63.305,63.35,8302190,"XLK"
"2017-11-16",63.34,63.89,63.34,63.76,7641083,"XLK"
"2017-11-15",63.04,63.1266,62.705,62.88,8492534,"XLK"
"2017-11-14",63.29,63.42,62.995,63.35,7370757,"XLK"
"2017-11-13",63.26,63.56,63.25,63.48,4300290,"XLK"
"2017-11-10",63.42,63.55,63.265,63.5,5983174,"XLK"
"2017-11-09",63.52,63.61,62.86,63.5,10244746,"XLK"
"2017-11-08",63.66,64.02,63.485,64.01,9100464,"XLK"
"2017-11-07",63.7,63.72,63.395,63.66,5775620,"XLK"
"2017-11-06",63.45,63.65,63.41,63.63,6000230,"XLK"
"2017-11-03",63.32,63.55,62.95,63.49,7659654,"XLK"
"2017-11-02",62.96,63.05,62.51,62.99,10224594,"XLK"
"2017-11-01",63.25,63.33,62.63,62.96,9550669,"XLK"
"2017-10-31",62.92,63.0756,62.67,62.95,10111336,"XLK"
"2017-10-30",62.56,62.92,62.4434,62.68,8574688,"XLK"
"2017-10-27",61.88,62.71,61.88,62.54,14539163,"XLK"
"2017-10-26",61,61.16,60.855,60.9,9436449,"XLK"
"2017-10-25",60.84,61.02,60.25,60.65,9225908,"XLK"
"2017-10-24",60.93,61.08,60.731,60.98,8035815,"XLK"
"2017-10-23",61.2,61.25,60.74,60.81,7055234,"XLK"
"2017-10-20",61.06,61.17,60.96,61.1,7407398,"XLK"
"2017-10-19",60.61,60.76,60.29,60.69,6872564,"XLK"
"2017-10-18",60.9,60.95,60.68,60.87,6091317,"XLK"
"2017-10-17",60.7,60.72,60.52,60.72,5131673,"XLK"
"2017-10-16",60.65,60.73,60.51,60.72,8306357,"XLK"
"2017-10-13",60.43,60.605,60.43,60.5,5949956,"XLK"
"2017-10-12",60.22,60.5,60.14,60.21,6106396,"XLK"
"2017-10-11",60.08,60.38,60.08,60.36,4980942,"XLK"
"2017-10-10",60.29,60.34,59.85,60.16,5472917,"XLK"
"2017-10-09",60.04,60.23,60,60.1,6949243,"XLK"
"2017-10-06",59.66,59.98,59.64,59.95,5926382,"XLK"
"2017-10-05",59.47,59.87,59.44,59.86,6422654,"XLK"
"2017-10-04",59.23,59.3799,59.03,59.29,6649636,"XLK"
"2017-10-03",59.24,59.355,59.17,59.33,6466221,"XLK"
"2017-10-02",59.25,59.3773,58.901,59.19,7571862,"XLK"
"2017-09-29",58.8,59.15,58.73,59.1,12428714,"XLK"
"2017-09-28",58.48,58.725,58.36,58.7,5589237,"XLK"
"2017-09-27",58.3,58.81,58.21,58.63,7635478,"XLK"
"2017-09-26",58.14,58.28,57.86,58.04,9053314,"XLK"
"2017-09-25",58.33,58.33,57.57,57.83,13573050,"XLK"
"2017-09-22",58.3,58.6,58.27,58.52,4824802,"XLK"
"2017-09-21",58.79,58.79,58.3,58.49,8104649,"XLK"
"2017-09-20",59.04,59.06,58.4,58.81,8950822,"XLK"
"2017-09-19",58.88,59.17,58.73,59.05,5616132,"XLK"
"2017-09-18",58.83,59.005,58.57,58.79,10411964,"XLK"
"2017-09-15",58.45,58.79,58.35,58.74,13123809,"XLK"
"2017-09-14",58.69,58.975,58.58,58.71,7626701,"XLK"
"2017-09-13",58.92,58.93,58.68,58.91,8128285,"XLK"
"2017-09-12",59.02,59.1,58.72,58.99,7861747,"XLK"
"2017-09-11",58.49,58.91,58.49,58.85,7037299,"XLK"
"2017-09-08",58.42,58.5,57.985,58.03,6259222,"XLK"
"2017-09-07",58.5,58.63,58.29,58.51,7693809,"XLK"
"2017-09-06",58.44,58.52,58.06,58.31,9113735,"XLK"
"2018-01-29",50.8,50.89,50.325,50.575,10789563,"XLU"
"2018-01-26",51.15,51.3,50.53,51.04,23949955,"XLU"
"2018-01-25",50.25,51.05,50.22,51.01,26284974,"XLU"
"2018-01-24",50.46,50.5,50.15,50.23,19531444,"XLU"
"2018-01-23",50.25,50.895,50.1,50.54,26673943,"XLU"
"2018-01-22",50.23,50.55,49.98,50.06,20536515,"XLU"
"2018-01-19",50.34,50.45,49.93,49.99,18631857,"XLU"
"2018-01-18",50.46,50.47,49.88,50.14,21329681,"XLU"
"2018-01-17",50.23,50.6,50.16,50.46,23451607,"XLU"
"2018-01-16",50.46,50.6,49.86,50.15,27292798,"XLU"
"2018-01-12",50.4,50.67,50.11,50.26,18635306,"XLU"
"2018-01-11",50.685,50.92,50.38,50.55,16545506,"XLU"
"2018-01-10",51,51.08,50.63,50.74,15562040,"XLU"
"2018-01-09",51.8,51.82,51.22,51.3,15438688,"XLU"
"2018-01-08",51.42,51.85,51.315,51.81,14300509,"XLU"
"2018-01-05",51.53,51.61,51.07,51.33,23416313,"XLU"
"2018-01-04",51.62,51.96,51.25,51.35,14971830,"XLU"
"2018-01-03",52,52.38,51.6,51.78,20807877,"XLU"
"2018-01-02",52.67,52.74,52.03,52.19,12270014,"XLU"
"2017-12-29",52.81,52.91,52.57,52.68,7030124,"XLU"
"2017-12-28",52.46,52.67,52.37,52.65,4910764,"XLU"
"2017-12-27",52.33,52.46,52.22,52.36,10616415,"XLU"
"2017-12-26",52.51,52.67,52.13,52.14,8243715,"XLU"
"2017-12-22",52.42,52.65,52.4,52.45,11472095,"XLU"
"2017-12-21",52.59,52.64,52.16,52.37,19934865,"XLU"
"2017-12-20",53.4,53.57,52.97,53,15756030,"XLU"
"2017-12-19",54.44,54.48,53.39,53.42,14887519,"XLU"
"2017-12-18",55.13,55.225,54.33,54.41,19403521,"XLU"
"2017-12-15",55.03,55.22,54.84,55.02,13637635,"XLU"
"2017-12-14",55.3,55.58,54.9,55.33,13143563,"XLU"
"2017-12-13",55.4,55.71,55.24,55.4,17385098,"XLU"
"2017-12-12",56,56.07,55.22,55.25,21550519,"XLU"
"2017-12-11",55.82,56.24,55.6595,56.21,15435445,"XLU"
"2017-12-08",55.62,55.875,55.4,55.87,9975325,"XLU"
"2017-12-07",55.49,55.7,55.25,55.69,11475237,"XLU"
"2017-12-06",55.47,55.695,55.29,55.59,9444803,"XLU"
"2017-12-05",56.18,56.18,55.11,55.38,19875978,"XLU"
"2017-12-04",56.44,56.66,55.995,56.09,13055758,"XLU"
"2017-12-01",56.79,56.9,56.1,56.41,24075907,"XLU"
"2017-11-30",56.48,56.72,56.365,56.6,15891462,"XLU"
"2017-11-29",56.19,56.65,55.99,56.41,15569361,"XLU"
"2017-11-28",56.26,56.49,56.14,56.38,9185561,"XLU"
"2017-11-27",55.95,56.215,55.81,56.12,7196750,"XLU"
"2017-11-24",55.82,56.1,55.79,55.88,5002244,"XLU"
"2017-11-22",55.75,55.895,55.575,55.79,5578891,"XLU"
"2017-11-21",55.8,55.945,55.64,55.79,7755956,"XLU"
"2017-11-20",55.84,55.9056,55.55,55.64,9291900,"XLU"
"2017-11-17",56.08,56.2201,55.76,55.81,16650353,"XLU"
"2017-11-16",56.24,56.37,56.03,56.2,11441094,"XLU"
"2017-11-15",57.09,57.23,56.32,56.38,12065239,"XLU"
"2017-11-14",56.01,56.91,55.99,56.87,12373761,"XLU"
"2017-11-13",55.57,56.22,55.57,56.17,9822834,"XLU"
"2017-11-10",55.47,55.635,55.32,55.51,11036800,"XLU"
"2017-11-09",55.54,55.87,55.41,55.77,10751608,"XLU"
"2017-11-08",55.63,55.845,55.31,55.7,9584911,"XLU"
"2017-11-07",55.09,55.74,54.89,55.66,11324509,"XLU"
"2017-11-06",55.28,55.31,54.97,55,11996476,"XLU"
"2017-11-03",54.94,55.48,54.82,55.21,11632235,"XLU"
"2017-11-02",54.81,55.24,54.67,55.01,14726947,"XLU"
"2017-11-01",55.21,55.21,54.7147,54.81,10879168,"XLU"
"2017-10-31",55.02,55.23,54.88,55.12,9532028,"XLU"
"2017-10-30",55.03,55.17,54.88,55.06,10057424,"XLU"
"2017-10-27",54.65,55.18,54.55,55.05,10366116,"XLU"
"2017-10-26",54.96,55.245,54.69,54.71,17329571,"XLU"
"2017-10-25",54.71,54.81,54.05,54.7,18331253,"XLU"
"2017-10-24",54.8,55,54.665,54.94,11335695,"XLU"
"2017-10-23",54.85,55,54.655,54.89,10611019,"XLU"
"2017-10-20",54.6,54.97,54.58,54.86,11231373,"XLU"
"2017-10-19",54.35,54.82,54.29,54.82,10285925,"XLU"
"2017-10-18",54.12,54.355,54.04,54.25,8691008,"XLU"
"2017-10-17",54,54.46,53.845,54.35,9599609,"XLU"
"2017-10-16",54.13,54.25,53.59,54.03,11246364,"XLU"
"2017-10-13",54.68,54.77,53.99,54.15,12712686,"XLU"
"2017-10-12",54.31,54.67,54.22,54.53,13668313,"XLU"
"2017-10-11",53.96,54.515,53.95,54.25,15469103,"XLU"
"2017-10-10",53.63,54.03,53.46,54.02,8326790,"XLU"
"2017-10-09",53.53,53.63,53.43,53.5,7340653,"XLU"
"2017-10-06",53.22,53.45,53.02,53.43,10418156,"XLU"
"2017-10-05",53.5,53.575,53.23,53.47,12639232,"XLU"
"2017-10-04",53.02,53.54,52.86,53.52,12140499,"XLU"
"2017-10-03",53.17,53.18,52.66,52.99,9557477,"XLU"
"2017-10-02",53.02,53.385,52.96,53.14,16614279,"XLU"
"2017-09-29",53.11,53.265,52.86,53.05,12127097,"XLU"
"2017-09-28",52.71,53.225,52.57,53.09,14182498,"XLU"
"2017-09-27",53.25,53.46,52.64,52.9,12350842,"XLU"
"2017-09-26",53.7,53.8075,53.52,53.62,10011103,"XLU"
"2017-09-25",53.31,53.775,53.22,53.72,11723269,"XLU"
"2017-09-22",53.82,53.89,53.23,53.23,11241874,"XLU"
"2017-09-21",53.73,54.02,53.6,53.67,10712328,"XLU"
"2017-09-20",54.17,54.287,53.47,53.68,19747006,"XLU"
"2017-09-19",54.28,54.315,53.995,54.08,15779995,"XLU"
"2017-09-18",54.71,54.75,53.83,54.19,15803499,"XLU"
"2017-09-15",54.83,54.91,54.5,54.75,8515142,"XLU"
"2017-09-14",55.13,55.225,54.33,54.41,19403311,"XLU"
"2017-09-13",54.85,54.89,54.585,54.63,10729070,"XLU"
"2017-09-12",55.79,55.79,54.6,54.9,18895311,"XLU"
"2017-09-11",55.26,55.9,55.25,55.83,10091614,"XLU"
"2017-09-08",55.02,55.4,54.92,55.36,9019928,"XLU"
"2017-09-07",54.74,55.16,54.685,55.1,12351732,"XLU"
"2017-09-06",55,55.09,54.59,54.69,11428672,"XLU"
"2018-01-29",92.1,92.88,91.7,92.7245,162782,"VOX"
"2018-01-26",92.48,93.05,92.25,92.99,163263,"VOX"
"2018-01-25",92.06,92.28,91.59,92.28,66084,"VOX"
"2018-01-24",91.59,92.2857,91.5,91.82,63929,"VOX"
"2018-01-23",92.79,92.845,90.91,91.38,137910,"VOX"
"2018-01-22",90.73,92.5,90.73,92.5,94242,"VOX"
"2018-01-19",90.15,90.7522,89.705,90.73,111565,"VOX"
"2018-01-18",90.38,91.33,89.98,90.13,101486,"VOX"
"2018-01-17",90.42,90.67,89.88,90.39,122763,"VOX"
"2018-01-16",91.16,91.56,90.2,90.2,310288,"VOX"
"2018-01-12",90.34,91.1098,90.19,91.02,94932,"VOX"
"2018-01-11",89.73,90.5789,89.5668,90.35,111342,"VOX"
"2018-01-10",90.15,90.15,89.17,89.54,313874,"VOX"
"2018-01-09",91.29,91.74,90.2821,90.36,115825,"VOX"
"2018-01-08",90.59,91.3151,90.3,91.1,111371,"VOX"
"2018-01-05",90.93,90.93,90.3515,90.57,163363,"VOX"
"2018-01-04",90.33,90.95,89.48,90.77,156663,"VOX"
"2018-01-03",91.19,91.43,90.144,90.19,188338,"VOX"
"2018-01-02",91.41,91.91,90.7501,91.63,121928,"VOX"
"2017-12-29",91.98,92.1039,91.1421,91.15,101286,"VOX"
"2017-12-28",91.51,91.9,91.2453,91.9,66440,"VOX"
"2017-12-27",91.65,91.925,91.1701,91.47,65808,"VOX"
"2017-12-26",91.42,92.25,91.42,91.72,135115,"VOX"
"2017-12-22",91.53,91.6062,91.064,91.37,73684,"VOX"
"2017-12-21",91.505,91.91,90.63,91.36,95069,"VOX"
"2017-12-20",91.31,91.459,90.685,90.74,92535,"VOX"
"2017-12-19",91.66,92.07,90.3332,90.41,170516,"VOX"
"2017-12-18",91.5,92.07,90.86,91.58,108470,"VOX"
"2017-12-15",90.71,91.05,90.28,90.56,122141,"VOX"
"2017-12-14",90.98,91.34,90.18,90.18,86919,"VOX"
"2017-12-13",92.31,92.84,91.79,92.41,102703,"VOX"
"2017-12-12",91.31,92.19,91.31,92.07,73191,"VOX"
"2017-12-11",89.76,91.02,89.75,90.85,82890,"VOX"
"2017-12-08",88.63,89.78,88.58,89.6,143689,"VOX"
"2017-12-07",88.77,89.3,88.24,88.29,1409308,"VOX"
"2017-12-06",90.36,90.39,88.56,88.57,1358097,"VOX"
"2017-12-05",92.33,92.4284,90.67,90.77,1792004,"VOX"
"2017-12-04",92.68,93.68,92.55,92.63,206407,"VOX"
"2017-12-01",91.6,92.25,90.44,91.87,163663,"VOX"
"2017-11-30",91.59,92.25,91.22,91.65,87617,"VOX"
"2017-11-29",89.89,91.7255,89.79,91.26,119171,"VOX"
"2017-11-28",88.7,89.94,88.45,89.84,132262,"VOX"
"2017-11-27",88.69,88.968,88.45,88.75,158990,"VOX"
"2017-11-24",88.45,88.45,87.841,88.43,66767,"VOX"
"2017-11-22",87.41,88.75,87.16,88.27,139808,"VOX"
"2017-11-21",87.3,87.56,87.02,87.16,104887,"VOX"
"2017-11-20",86.76,87.361,86.56,87.24,99234,"VOX"
"2017-11-17",85.6,86.8148,85.6,86.51,230084,"VOX"
"2017-11-16",84.37,85.99,84.37,85.78,141837,"VOX"
"2017-11-15",83.94,84.608,83.6068,84.36,96353,"VOX"
"2017-11-14",84.19,84.275,83.39,83.87,89533,"VOX"
"2017-11-13",84.79,84.79,84.3827,84.42,93969,"VOX"
"2017-11-10",84.8,85.02,84.5801,84.83,52168,"VOX"
"2017-11-09",84.3,85.439,84.11,84.86,115077,"VOX"
"2017-11-08",84.86,85.08,84.2359,84.9,85124,"VOX"
"2017-11-07",84.99,85.101,84.52,85.05,100352,"VOX"
"2017-11-06",85.25,85.26,84,84.87,260011,"VOX"
"2017-11-03",87.46,87.46,85.97,86.04,415243,"VOX"
"2017-11-02",88.72,88.72,86.7176,87.14,394715,"VOX"
"2017-11-01",90.09,90.09,88.3,88.72,264534,"VOX"
"2017-10-31",89.12,89.52,88.96,89.43,589283,"VOX"
"2017-10-30",90.32,90.5,88.57,88.96,141013,"VOX"
"2017-10-27",90.13,90.66,89.96,90.41,60267,"VOX"
"2017-10-26",90.18,90.75,90.033,90.2,67094,"VOX"
"2017-10-25",90.03,90.18,89.26,89.82,99554,"VOX"
"2017-10-24",91.05,91.39,90.535,90.56,126401,"VOX"
"2017-10-23",91.64,92.0092,90.63,90.89,116100,"VOX"
"2017-10-20",91.78,91.86,91.34,91.59,45358,"VOX"
"2017-10-19",91.9,92.8,91.49,91.6,73711,"VOX"
"2017-10-18",91.42,91.48,90.67,91.26,58913,"VOX"
"2017-10-17",91.75,92,91.36,91.44,135532,"VOX"
"2017-10-16",91.76,92.1396,91.54,91.76,60420,"VOX"
"2017-10-13",92.19,92.19,91.16,91.55,62214,"VOX"
"2017-10-12",93.13,93.19,91.9496,92.03,228730,"VOX"
"2017-10-11",93.89,94.01,93.27,93.57,42982,"VOX"
"2017-10-10",93.68,94.12,93.68,93.96,46429,"VOX"
"2017-10-09",94.13,94.13,93.3678,93.57,133682,"VOX"
"2017-10-06",94.45,94.5,93.6,94.04,57577,"VOX"
"2017-10-05",94.86,95.57,94.5822,94.63,491080,"VOX"
"2017-10-04",94.28,95.27,94.14,94.85,136458,"VOX"
"2017-10-03",92.94,94.49,92.87,94.45,149304,"VOX"
"2017-10-02",92.69,92.765,92.33,92.72,78200,"VOX"
"2017-09-29",92.68,92.68,92.1,92.26,456960,"VOX"
"2017-09-28",92.59,92.7891,92.27,92.57,67949,"VOX"
"2017-09-27",92.23,93.1,92,92.7,72816,"VOX"
"2017-09-26",93.86,94.04,93.26,93.27,57929,"VOX"
"2017-09-25",93.17,94.0099,93.17,93.74,81039,"VOX"
"2017-09-22",92.81,93.4118,92.73,93.29,61570,"VOX"
"2017-09-21",92.92,92.92,92.2908,92.41,49435,"VOX"
"2017-09-20",92.97,93.4548,92.8266,92.95,58131,"VOX"
"2017-09-19",91.41,93.32,91.14,93.05,103260,"VOX"
"2017-09-18",91.18,91.83,90.8561,91.33,72752,"VOX"
"2017-09-15",90.19,91.17,90.18,91.08,63655,"VOX"
"2017-09-14",90.42,90.5509,89.83,90.11,68168,"VOX"
"2017-09-13",90.25,90.791,90.155,90.46,57638,"VOX"
"2017-09-12",89.06,90.4765,89.06,90.22,365948,"VOX"
"2017-09-11",89.62,89.62,88.8265,88.93,152514,"VOX"
"2017-09-08",89.76,89.78,88.8,89.39,77904,"VOX"
"2017-09-07",92.05,92.262,89.62,89.85,632780,"VOX"
"2017-09-06",93.51,93.51,91.8,91.87,103246,"VOX"
